{"26405488_left": {"pose": [0.1113325872574514, 0.8207481722451926, 0.04550905451430457, -1.64633974845365, -0.17857016318886476, -2.937663676632542], "timestamp": 1673597556.0704472}, "26405488_right": {"pose": [-0.009417838799177, 0.7972668750161092, 0.0693151223699266, -1.6473025257925253, -0.18917295438381165, -2.942218897492042], "timestamp": 1673597557.3687217}, "19824535_left": {"pose": [-0.07528310648512061, 0.02872136764193708, 0.023316565592628957, -0.3255773557130956, 0.006247432431090383, -1.562874530416053], "timestamp": 1680893804.7454631}, "19824535_right": {"pose": [-0.06961440752114842, -0.035396599227355253, 0.020410786906711484, -0.31886273624702377, 0.007822018427507738, -1.552143062181081], "timestamp": 1680893807.0068362}, "29838012_left": {"pose": [0.42385358751757574, 0.4626384952979812, 0.5072865967113614, -2.341722424861385, 0.08550930848336424, 3.0551626376452683], "timestamp": 1680894489.7359874}, "29838012_right": {"pose": [0.3019451803701624, 0.4767405710534327, 0.4875508861116462, -2.3321785606204752, 0.07641219109956565, 3.084965599905071], "timestamp": 1680894491.0840807}, "23404442_left": {"pose": [0.282413249679177, -0.5296331915565036, 0.18879102964730526, -1.9478538259079614, 0.01936191897000339, -0.3607309522298378], "timestamp": 1680894340.4360833}, "23404442_right": {"pose": [0.3830961957079439, -0.5750697995241142, 0.18693360600298486, -1.9475434908445413, 0.017147920314499965, -0.37092942838440296], "timestamp": 1680894342.5872135}, "25047636_left": {"pose": [0.2490473558710806, 0.46740423734025754, 0.29090278748999066, -1.7712028436511942, -0.15685982442963486, -1.9291690500030243], "timestamp": 1702151013.1705976}, "25047636_right": {"pose": [0.21115032212006823, 0.36515434410239483, 0.3111492177818662, -1.7638177615590591, -0.15453208820277164, -1.9483773999460947], "timestamp": 1702151015.2575147}, "24013089_left": {"pose": [0.004706107013675603, -0.3305016241196639, 0.3626654565853587, -2.0714490193456894, -0.03471725014874916, -1.2117072957929371], "timestamp": 1702150868.5903618}, "24013089_right": {"pose": [0.04696378223393552, -0.4399163916537602, 0.369445541880037, -2.0732539533846417, -0.03509613384248178, -1.2127722237477465], "timestamp": 1702150870.9353018}, "17225336_left": {"pose": [-0.08236248959094414, 0.03287375681831384, 0.01595491255925823, -0.3413952942406953, 0.02645006888003376, -1.495219884938228], "timestamp": 1701387965.9251034}, "17225336_right": {"pose": [-0.07830121281794619, -0.033740112257197155, 0.026811420222452857, -0.3702409963448965, 0.02286257019507265, -1.4957617137078882], "timestamp": 1701387967.814343}}